gene,position,ref_aa,alt_aa,label,local_hydrophobicity,local_charge_density,local_aromatic_density,local_glycine_frac,local_proline_frac,local_beta_propensity,local_qn_frac,local_disorder,position_disorder,in_idr,relative_position,local_p_lock,local_p_pi,local_p_polar,is_sticker,blosum62,grantham_distance,charge_change,hydrophobicity_change,size_change,creates_proline,destroys_proline,creates_glycine,aromatic_change,polarity_change,protein_length,total_disorder_frac,target,esm2_llr,esm2_ref_logprob,esm2_alt_logprob,esm2_entropy,esm2_rank_ref,esm2_rank_alt,masked_llr,unmasked_llr_recomputed
FUS,521,R,G,pathogenic,-2.3286,0.5238,0.0952,0.1429,0.0952,0.8181,0.0476,0.9334,0.9189,1,0.9905,0.2397,0.1215,0.1182,0,-2,125,charge_loss,4.1,-99,0,0,1,none,polar_to_nonpolar,526,0.8118,1,5.1326,-0.0848,-5.2174,0.4790999889373779,0,5,2.4213814735412598,5.132589302957058
FUS,514,R,G,pathogenic,-2.1036,0.4643,0.0714,0.2857,0.0714,0.8,0.0357,0.9391,0.9341,1,0.9772,0.2363,0.0,0.2363,0,-2,125,charge_loss,4.1,-99,0,0,1,none,polar_to_nonpolar,526,0.8118,1,3.5886,-0.0658,-3.6544,0.3664000034332275,0,1,0.4339143633842468,3.5885627567768097
FUS,521,R,C,pathogenic,-2.3286,0.5238,0.0952,0.1429,0.0952,0.8181,0.0476,0.9334,0.9189,1,0.9905,0.2397,0.1215,0.1182,0,-3,180,charge_loss,7.0,-53,0,0,0,none,polar_to_nonpolar,526,0.8118,1,10.4881,-0.0848,-10.5729,0.4790999889373779,0,19,7.473241567611694,10.488080464303493
FUS,521,R,H,pathogenic,-2.3286,0.5238,0.0952,0.1429,0.0952,0.8181,0.0476,0.9334,0.9189,1,0.9905,0.2397,0.1215,0.1182,0,0,29,neutral,1.3,-19,0,0,0,none,same,526,0.8118,1,5.7758,-0.0848,-5.8606,0.4790999889373779,0,11,2.8374977111816406,5.77576395124197
FUS,525,P,L,pathogenic,-2.9,0.6471,0.0588,0.0588,0.0588,0.8088,0.0588,0.9296,0.9277,1,0.9981,0.243,0.243,0.0,0,-3,98,neutral,5.4,16,0,1,0,none,same,526,0.8118,1,8.4398,-0.1675,-8.6073,0.657800018787384,0,16,6.287720799446106,8.439754471182823
FUS,526,Y,C,pathogenic,-2.8375,0.625,0.0625,0.0625,0.0625,0.8131,0.0625,0.9285,0.9213,1,1.0,0.243,0.243,0.0,1,-2,194,neutral,3.8,-60,0,0,0,loss,same,526,0.8118,1,11.9371,-0.0023,-11.9394,0.0212999992072582,0,19,8.333884421736002,11.937068792525679
FUS,524,R,S,pathogenic,-2.7611,0.6111,0.0556,0.1111,0.0556,0.8056,0.0556,0.9305,0.9035,1,0.9962,0.2397,0.1215,0.1182,0,-1,110,charge_loss,3.7,-69,0,0,0,none,same,526,0.8118,1,4.2853,-0.1516,-4.4369,0.7319999933242798,0,5,2.87000435590744,4.285303458571434
FUS,525,P,T,pathogenic,-2.9,0.6471,0.0588,0.0588,0.0588,0.8088,0.0588,0.9296,0.9277,1,0.9981,0.243,0.243,0.0,0,-1,38,neutral,0.9,4,0,1,0,none,nonpolar_to_polar,526,0.8118,1,6.6472,-0.1675,-6.8147,0.657800018787384,0,12,4.274356007575989,6.647201523184776
FUS,514,R,S,pathogenic,-2.1036,0.4643,0.0714,0.2857,0.0714,0.8,0.0357,0.9391,0.9341,1,0.9772,0.2363,0.0,0.2363,0,-1,110,charge_loss,3.7,-69,0,0,0,none,same,526,0.8118,1,5.2358,-0.0658,-5.3016,0.3664000034332275,0,4,2.044301927089691,5.23579004406929
FUS,518,R,K,pathogenic,-2.2583,0.5,0.0833,0.2083,0.0833,0.8171,0.0417,0.9358,0.9434,1,0.9848,0.2363,0.0,0.2363,0,2,26,neutral,0.6,-28,0,0,0,none,same,526,0.8118,1,5.9564,-0.06,-6.0164,0.3628000020980835,0,10,2.575009822845459,5.956405576318502
FUS,510,K,E,pathogenic,-2.1742,0.4839,0.0323,0.3226,0.0645,0.7835,0.0323,0.9417,0.9474,1,0.9696,0.1839,0.1839,0.0,0,1,56,charge_flip,0.4,1,0,0,0,none,same,526,0.8118,1,3.6684,-2.2106,-5.879,1.645799994468689,2,13,0.9267187118530273,3.6684048175811768
FUS,521,R,L,pathogenic,-2.3286,0.5238,0.0952,0.1429,0.0952,0.8181,0.0476,0.9334,0.9189,1,0.9905,0.2397,0.1215,0.1182,0,-2,102,charge_loss,8.3,-43,0,0,0,none,polar_to_nonpolar,526,0.8118,1,7.4481,-0.0848,-7.5329,0.4790999889373779,0,18,4.2421863079071045,7.44811388105154
FUS,509,G,D,pathogenic,-2.0323,0.4839,0.0645,0.3226,0.0323,0.8103,0.0323,0.9425,0.9453,1,0.9677,0.1839,0.1839,0.0,0,-1,94,charge_gain,-3.1,58,0,0,0,none,nonpolar_to_polar,526,0.8118,1,3.641,-0.3508,-3.9917,1.0901999473571775,0,4,-0.2955324649810791,3.640951693058014
FUS,514,R,W,pathogenic,-2.1036,0.4643,0.0714,0.2857,0.0714,0.8,0.0357,0.9391,0.9341,1,0.9772,0.2363,0.0,0.2363,0,-3,101,charge_loss,3.6,30,0,0,0,gain,polar_to_nonpolar,526,0.8118,1,6.5676,-0.0658,-6.6334,0.3664000034332275,0,9,3.557827413082123,6.567593842744827
FUS,519,Q,R,pathogenic,-2.1609,0.4783,0.087,0.2174,0.087,0.8122,0.0435,0.9348,0.9315,1,0.9867,0.2363,0.0,0.2363,0,1,43,charge_gain,-1.0,28,0,0,0,none,same,526,0.8118,1,2.4821,-1.3288,-3.8109,1.7992000579833984,1,6,-1.141763687133789,2.4820932149887085
FUS,524,R,M,pathogenic,-2.7611,0.6111,0.0556,0.1111,0.0556,0.8056,0.0556,0.9305,0.9035,1,0.9962,0.2397,0.1215,0.1182,0,-1,91,charge_loss,6.4,-25,0,0,0,none,polar_to_nonpolar,526,0.8118,1,6.789,-0.1516,-6.9406,0.7319999933242798,0,13,4.433719575405121,6.789032801985741
FUS,525,P,S,pathogenic,-2.9,0.6471,0.0588,0.0588,0.0588,0.8088,0.0588,0.9296,0.9277,1,0.9981,0.243,0.243,0.0,0,-1,74,neutral,0.8,-10,0,1,0,none,nonpolar_to_polar,526,0.8118,1,5.0517,-0.1675,-5.2192,0.657800018787384,0,6,2.6924110651016235,5.051703438162804
FUS,254,M,V,pathogenic,-1.4452,0.2903,0.0968,0.4516,0.0645,0.8306,0.0323,0.9236,0.9321,1,0.4829,0.4688,0.284,0.2639,0,1,21,neutral,2.3,-32,0,0,0,none,same,526,0.8118,1,5.725,-1.4291,-7.1541,1.7798000574111938,2,14,2.325265407562256,5.725047588348389
FUS,217,G,R,vus,-1.1806,0.129,0.0645,0.6774,0.0,0.8297,0.0645,0.9392,0.9389,1,0.4125,0.4688,0.284,0.2639,0,-2,125,charge_gain,-4.1,99,0,0,0,none,nonpolar_to_polar,526,0.8118,0,7.9709,-0.0149,-7.9858,0.1106999963521957,0,9,5.452612563967705,7.970911989919841
FUS,18,P,S,vus,-1.6129,0.0323,0.1613,0.0968,0.0968,0.9826,0.2903,0.944,0.9518,1,0.0342,0.5454,0.3898,0.2595,0,-1,74,neutral,0.8,-10,0,1,0,none,nonpolar_to_polar,526,0.8118,0,1.4007,-0.5829,-1.9836,1.3411999940872192,0,2,-1.6754931211471558,1.4006715416908264
FUS,225,G,S,vus,-1.5258,0.1935,0.0645,0.5484,0.0,0.8277,0.0968,0.9353,0.9261,1,0.4278,0.4688,0.284,0.2639,0,0,56,neutral,-0.4,30,0,0,0,none,nonpolar_to_polar,526,0.8118,0,5.4412,-0.0117,-5.4529,0.0851999968290329,0,1,2.597250998020172,5.441194632090628
FUS,465,G,E,vus,-1.6516,0.2903,0.0645,0.4194,0.129,0.7787,0.0323,0.8833,0.931,1,0.884,0.3627,0.1978,0.2091,0,-2,98,charge_gain,-3.1,72,0,0,0,none,nonpolar_to_polar,526,0.8118,0,7.5733,-0.0116,-7.5849,0.0878999978303909,0,7,4.453836187720299,7.57327485550195
FUS,179,Q,H,vus,-0.8742,0.0323,0.0645,0.5484,0.0,0.8265,0.0968,0.9663,0.9724,1,0.3403,0.4003,0.2022,0.2508,0,0,24,charge_gain,0.3,9,0,0,0,none,same,526,0.8118,0,5.5184,-0.1879,-5.7063,0.7125999927520752,0,9,2.5478204488754272,5.518385514616966
FUS,275,H,Y,vus,-1.5387,0.2903,0.0968,0.1613,0.0323,0.9045,0.2258,0.7603,0.8712,1,0.5228,0.3263,0.0683,0.2744,0,2,83,charge_loss,1.9,26,0,0,0,gain,polar_to_nonpolar,526,0.8118,0,1.3124,-1.5279,-2.8403,2.292200088500977,0,5,-1.7957627773284912,1.3124314546585083
FUS,210,Q,H,vus,-1.5645,0.1613,0.0323,0.5484,0.0,0.8268,0.1613,0.9456,0.9467,1,0.3992,0.4161,0.1963,0.2753,0,0,24,charge_gain,0.3,9,0,0,0,none,same,526,0.8118,0,5.2622,-0.1371,-5.3993,0.6337000131607056,0,6,2.1232073307037354,5.262194022536278
FUS,263,N,S,vus,-1.6613,0.3548,0.0645,0.3548,0.0323,0.8097,0.0645,0.9062,0.922,1,0.5,0.4977,0.3757,0.2009,0,1,46,neutral,2.7,-27,0,0,0,none,same,526,0.8118,0,4.3564,-0.0772,-4.4335,0.3928999900817871,0,2,1.6273059844970703,4.356354497373104
FUS,61,S,G,vus,-1.4129,0.0323,0.1613,0.2258,0.0323,0.9706,0.1935,0.9726,0.9778,1,0.116,0.5422,0.3491,0.3006,0,0,56,neutral,0.4,-30,0,0,1,none,polar_to_nonpolar,526,0.8118,0,5.0954,-0.0958,-5.1912,0.4587999880313873,0,5,1.608210563659668,5.095363445580006
FUS,397,Y,C,vus,-1.0161,0.1613,0.0645,0.6129,0.0645,0.8194,0.0,0.9006,0.9324,1,0.7548,0.1839,0.1839,0.0,1,-2,194,neutral,3.8,-60,0,0,0,loss,same,526,0.8118,0,10.4868,-0.1797,-10.6665,0.7250000238418579,0,19,6.690075397491455,10.486846551299095
FUS,89,S,T,vus,-1.3484,0.0,0.1613,0.2581,0.0645,0.9352,0.1935,0.9647,0.9594,1,0.1692,0.4786,0.2769,0.2826,0,1,58,neutral,0.1,14,0,0,0,none,same,526,0.8118,0,5.6681,-0.0905,-5.7586,0.4251999855041504,0,6,2.471055030822754,5.668066143989563
FUS,269,R,W,vus,-1.9097,0.3548,0.0645,0.2258,0.0323,0.8048,0.1613,0.8543,0.9087,1,0.5114,0.4314,0.2822,0.2083,0,-3,101,charge_loss,3.6,30,0,0,0,gain,polar_to_nonpolar,526,0.8118,0,10.384,-0.0359,-10.4199,0.2335000038146972,0,18,7.40690416097641,10.384005721658468
FUS,515,G,S,vus,-2.1667,0.4815,0.0741,0.2593,0.0741,0.8019,0.037,0.9384,0.9345,1,0.9791,0.2363,0.0,0.2363,0,0,56,neutral,-0.4,30,0,0,0,none,nonpolar_to_polar,526,0.8118,0,4.4752,-0.1165,-4.5918,0.6122000217437744,0,5,1.390378475189209,4.4752489030361176
FUS,152,P,S,vus,-1.9581,0.0,0.129,0.2258,0.0645,0.9565,0.4194,0.9689,0.9688,1,0.289,0.6459,0.391,0.422,0,-1,74,neutral,0.8,-10,0,1,0,none,nonpolar_to_polar,526,0.8118,0,1.4233,-0.7477,-2.1709,1.3170000314712524,0,2,-2.1823720932006836,1.423271894454956
FUS,498,R,Q,vus,-1.4065,0.3226,0.0968,0.4839,0.0323,0.8313,0.0,0.952,0.9575,1,0.9468,0.1839,0.1839,0.0,0,1,43,charge_loss,1.0,-28,0,0,0,none,same,526,0.8118,0,9.864,-0.0035,-9.8675,0.0291000008583068,0,10,6.247478857636452,9.864047887735069
FUS,459,P,L,vus,-1.4452,0.2581,0.0323,0.3226,0.129,0.8029,0.0968,0.8056,0.8793,1,0.8726,0.4688,0.284,0.2639,0,-3,98,neutral,5.4,16,0,1,0,none,same,526,0.8118,0,5.7185,-1.1947,-6.9132,1.438099980354309,1,15,2.3181214332580566,5.718516111373901
FUS,199,Q,E,vus,-1.2806,0.0968,0.0645,0.4839,0.0,0.8481,0.1613,0.957,0.9549,1,0.3783,0.436,0.1988,0.2982,0,2,29,charge_gain,0.0,1,0,0,0,none,same,526,0.8118,0,7.9292,-0.5335,-8.4627,1.3609999418258667,0,18,5.157084703445435,7.929220497608185
FUS,514,R,T,vus,-2.1036,0.4643,0.0714,0.2857,0.0714,0.8,0.0357,0.9391,0.9341,1,0.9772,0.2363,0.0,0.2363,0,-1,71,charge_loss,3.8,-55,0,0,0,none,same,526,0.8118,0,7.3956,-0.0658,-7.4614,0.3664000034332275,0,15,4.135528981685638,7.395553380250931
FUS,239,Y,C,vus,-1.3097,0.1935,0.0645,0.5806,0.0323,0.821,0.0323,0.9326,0.9361,1,0.4544,0.331,0.1839,0.183,1,-2,194,neutral,3.8,-60,0,0,0,loss,same,526,0.8118,0,12.3062,-0.07,-12.3762,0.358599990606308,0,19,9.183483242988586,12.306224562227726
FUS,472,R,C,vus,-1.7484,0.3226,0.0968,0.4516,0.0323,0.8458,0.0323,0.9355,0.952,1,0.8973,0.3627,0.1978,0.2091,0,-3,180,charge_loss,7.0,-53,0,0,0,none,polar_to_nonpolar,526,0.8118,0,11.4631,-0.0238,-11.4869,0.1641000062227249,0,19,8.753023147583008,11.463119953870773
FUS,491,R,S,vus,-1.6097,0.3548,0.129,0.5161,0.0,0.8632,0.0,0.9541,0.9575,1,0.9335,0.1839,0.1839,0.0,0,-1,110,charge_loss,3.7,-69,0,0,0,none,same,526,0.8118,0,8.4825,-0.0008,-8.4833,0.0078999996185302,0,2,5.293719221837819,8.482543888385408
FUS,72,P,L,vus,-1.2968,0.0,0.129,0.2581,0.0323,0.9542,0.1935,0.9721,0.9663,1,0.1369,0.3821,0.1973,0.232,0,-3,98,neutral,5.4,16,0,1,0,none,same,526,0.8118,0,8.2188,-0.9149,-9.1336,1.667199969291687,0,14,4.5846076011657715,8.21875548362732
FUS,383,R,C,vus,-1.2806,0.2581,0.0968,0.4194,0.0323,0.8794,0.0645,0.737,0.7874,1,0.7281,0.3961,0.2048,0.2422,0,-3,180,charge_loss,7.0,-53,0,0,0,none,polar_to_nonpolar,526,0.8118,0,10.8325,-0.2977,-11.1303,0.9279999732971193,0,19,7.652964353561401,10.832529544830322
FUS,525,P,A,vus,-2.9,0.6471,0.0588,0.0588,0.0588,0.8088,0.0588,0.9296,0.9277,1,0.9981,0.243,0.243,0.0,0,-1,27,neutral,3.4,-26,0,1,0,none,same,526,0.8118,0,5.9912,-0.1675,-6.1587,0.657800018787384,0,8,3.637088418006897,5.991213783621788
FUS,231,G,S,vus,-1.3968,0.1935,0.0645,0.5806,0.0323,0.8113,0.0323,0.9334,0.9278,1,0.4392,0.3644,0.1973,0.2112,0,0,56,neutral,-0.4,30,0,0,0,none,nonpolar_to_polar,526,0.8118,0,5.4918,-0.0131,-5.505,0.0920000001788139,0,2,2.2844958007335663,5.491848942823708
FUS,314,N,D,vus,-0.7581,0.2903,0.0968,0.0645,0.0323,1.0213,0.129,0.1357,0.1149,0,0.597,0.2494,0.0,0.2494,0,1,23,charge_gain,0.0,1,0,0,0,none,same,526,0.8118,0,2.4927,-0.0926,-2.5853,0.3540000021457672,0,1,-1.6634502559900284,2.4927407428622246
FUS,19,T,S,vus,-1.6,0.0323,0.1613,0.129,0.0968,0.9826,0.2903,0.9448,0.9558,1,0.0361,0.5202,0.3486,0.2661,0,1,58,neutral,-0.1,-14,0,0,0,none,same,526,0.8118,0,1.7362,-0.4024,-2.1385,1.1167000532150269,0,2,-1.6435662508010864,1.736159473657608
FUS,515,G,C,vus,-2.1667,0.4815,0.0741,0.2593,0.0741,0.8019,0.037,0.9384,0.9345,1,0.9791,0.2363,0.0,0.2363,0,-3,159,neutral,2.9,46,0,0,0,none,same,526,0.8118,0,10.8247,-0.1165,-10.9412,0.6122000217437744,0,19,8.42162275314331,10.824692338705063
FUS,357,K,R,vus,-0.7258,0.3226,0.129,0.0645,0.0968,0.8974,0.0323,0.2443,0.1638,0,0.6787,0.4252,0.3518,0.1055,0,2,26,neutral,-0.6,28,0,0,0,none,same,526,0.8118,0,5.4534,-0.0639,-5.5173,0.3684000074863434,0,6,1.9821492433547974,5.4533524215221405
FUS,463,H,R,vus,-1.5645,0.2903,0.0323,0.4194,0.129,0.7645,0.0323,0.8602,0.9273,1,0.8802,0.3627,0.1978,0.2091,0,0,29,neutral,-1.3,19,0,0,0,none,same,526,0.8118,0,1.6486,-2.3465,-3.995,1.8453999757766724,2,8,-1.2285666465759277,1.6485645771026611
FUS,275,H,R,vus,-1.5387,0.2903,0.0968,0.1613,0.0323,0.9045,0.2258,0.7603,0.8712,1,0.5228,0.3263,0.0683,0.2744,0,0,29,neutral,-1.3,19,0,0,0,none,same,526,0.8118,0,0.9895,-1.5279,-2.5173,2.292200088500977,0,4,-1.609513282775879,0.9894553422927856
FUS,212,D,E,vus,-1.4645,0.1613,0.0323,0.5806,0.0,0.8223,0.129,0.9429,0.9418,1,0.403,0.4161,0.1963,0.2753,0,2,45,neutral,0.0,14,0,0,0,none,same,526,0.8118,0,5.2602,-0.2048,-5.465,0.8798999786376953,0,8,2.0416979789733887,5.2601718455553055
FUS,352,D,V,vus,-0.3258,0.2581,0.129,0.0645,0.0968,0.9165,0.0323,0.2078,0.1729,0,0.6692,0.3961,0.3961,0.0,0,-3,152,charge_loss,7.7,-16,0,0,0,none,polar_to_nonpolar,526,0.8118,0,8.2444,-0.06,-8.3044,0.3084999918937683,0,12,4.757628917694092,8.24440187588334
FUS,162,N,S,vus,-1.5452,0.0,0.129,0.3871,0.0645,0.9045,0.2903,0.9695,0.9736,1,0.308,0.6577,0.3633,0.4673,0,1,46,neutral,2.7,-27,0,0,0,none,same,526,0.8118,0,1.432,-0.6375,-2.0695,1.2130000591278076,0,2,-1.8659381866455078,1.4320207238197327
FUS,178,G,S,vus,-0.8581,0.0323,0.0323,0.5484,0.0,0.8032,0.0968,0.966,0.9783,1,0.3384,0.4003,0.2022,0.2508,0,0,56,neutral,-0.4,30,0,0,0,none,nonpolar_to_polar,526,0.8118,0,4.4244,-0.0414,-4.4658,0.249099999666214,0,1,1.299626111984253,4.424368232488632
FUS,213,R,C,vus,-1.3645,0.1613,0.0323,0.6129,0.0,0.811,0.0968,0.9419,0.9422,1,0.4049,0.4161,0.1963,0.2753,0,-3,180,charge_loss,7.0,-53,0,0,0,none,polar_to_nonpolar,526,0.8118,0,10.3995,-0.0798,-10.4793,0.4171000123023987,0,19,7.9903788566589355,10.399486742913723
FUS,219,G,V,vus,-1.4129,0.1613,0.0645,0.6129,0.0,0.84,0.0968,0.9385,0.9358,1,0.4163,0.4688,0.284,0.2639,0,-3,109,neutral,4.6,42,0,0,0,none,same,526,0.8118,0,8.4621,-0.0191,-8.4813,0.132200002670288,0,10,6.1253893077373505,8.46214222162962
FUS,423,A,V,vus,-0.9613,0.129,0.0968,0.3226,0.0968,0.8687,0.1613,0.709,0.7195,1,0.8042,0.3718,0.1297,0.2795,0,0,64,neutral,2.4,28,0,0,0,none,same,526,0.8118,0,4.1289,-0.4674,-4.5963,1.3143999576568604,0,5,0.5205600261688232,4.128916442394257
FUS,118,Q,R,vus,-1.3097,0.0,0.0968,0.129,0.0968,0.8848,0.1935,0.9556,0.9526,1,0.2243,0.4126,0.2441,0.2258,0,1,43,charge_gain,-1.0,28,0,0,0,none,same,526,0.8118,0,9.4616,-0.135,-9.5967,0.6158999800682068,0,17,7.023370027542114,9.461622044444084
FUS,246,G,C,vus,-1.5548,0.2581,0.0645,0.4839,0.0323,0.82,0.0323,0.9298,0.9353,1,0.4677,0.4688,0.284,0.2639,0,-3,159,neutral,2.9,46,0,0,0,none,same,526,0.8118,0,14.1515,-0.0113,-14.1629,0.0775000005960464,0,19,11.261544704437256,14.15154831763357
FUS,255,G,C,vus,-1.5161,0.3226,0.0645,0.4516,0.0645,0.8006,0.0323,0.9229,0.9227,1,0.4848,0.4688,0.284,0.2639,0,-3,159,neutral,2.9,46,0,0,0,none,same,526,0.8118,0,13.9256,-0.0042,-13.9298,0.0357999987900257,0,19,10.992740243673325,13.925609580706805
FUS,505,G,C,vus,-1.7677,0.4194,0.0645,0.3871,0.0323,0.8042,0.0323,0.9488,0.947,1,0.9601,0.1839,0.1839,0.0,0,-3,159,neutral,2.9,46,0,0,0,none,same,526,0.8118,0,13.0636,-0.006,-13.0696,0.0476000010967254,0,18,9.951442837715149,13.06361732352525
FUS,473,R,H,vus,-1.7484,0.3226,0.0968,0.4516,0.0323,0.8458,0.0323,0.9392,0.9557,1,0.8992,0.347,0.2747,0.0909,0,0,29,neutral,1.3,-19,0,0,0,none,same,526,0.8118,0,7.1239,-0.1328,-7.2566,0.4469999969005584,0,7,4.599030673503876,7.123867884278297
FUS,473,R,C,vus,-1.7484,0.3226,0.0968,0.4516,0.0323,0.8458,0.0323,0.9392,0.9557,1,0.8992,0.347,0.2747,0.0909,0,-3,180,charge_loss,7.0,-53,0,0,0,none,polar_to_nonpolar,526,0.8118,0,11.5236,-0.1328,-11.6563,0.4469999969005584,0,19,8.881730735301971,11.523570910096169
FUS,498,R,G,vus,-1.4065,0.3226,0.0968,0.4839,0.0323,0.8313,0.0,0.952,0.9575,1,0.9468,0.1839,0.1839,0.0,0,-2,125,charge_loss,4.1,-99,0,0,1,none,polar_to_nonpolar,526,0.8118,0,6.3584,-0.0035,-6.3618,0.0291000008583068,0,1,1.5975723415613174,6.358367803506553
FUS,55,Y,C,vus,-1.4,0.0323,0.1613,0.1935,0.0,0.9771,0.1935,0.9714,0.9731,1,0.1046,0.5368,0.3881,0.2463,1,-2,194,neutral,3.8,-60,0,0,0,loss,same,526,0.8118,0,9.8867,-1.6616,-11.5484,1.7968000173568726,1,19,7.240440368652344,9.886733770370483
FUS,165,S,G,vus,-1.6032,0.0323,0.0968,0.4194,0.0645,0.8745,0.2903,0.9704,0.9711,1,0.3137,0.6221,0.3281,0.4438,0,0,56,neutral,0.4,-30,0,0,1,none,polar_to_nonpolar,526,0.8118,0,2.4899,-0.103,-2.5929,0.4142999947071075,0,1,-0.6378612518310547,2.489904470741749
FUS,492,G,R,vus,-1.4774,0.3226,0.129,0.5484,0.0,0.8574,0.0,0.9539,0.9563,1,0.9354,0.1839,0.1839,0.0,0,-2,125,charge_gain,-4.1,99,0,0,0,none,nonpolar_to_polar,526,0.8118,0,11.2119,-0.0004,-11.2123,0.0043000001460313,0,6,7.839319163933396,11.211905918637058
FUS,488,G,S,vus,-1.8452,0.3871,0.0968,0.5161,0.0,0.8487,0.0,0.9546,0.952,1,0.9278,0.2751,0.2751,0.0,0,0,56,neutral,-0.4,30,0,0,0,none,nonpolar_to_polar,526,0.8118,0,8.957,-0.0004,-8.9574,0.0043999999761581,0,1,6.24790117982775,8.957009519508574
FUS,462,S,F,vus,-1.471,0.2903,0.0323,0.3871,0.129,0.7787,0.0323,0.8475,0.9152,1,0.8783,0.3627,0.1978,0.2091,0,-2,155,neutral,3.6,60,0,0,0,gain,polar_to_nonpolar,526,0.8118,0,5.0915,-0.5149,-5.6063,1.2245999574661257,0,10,1.8944032192230225,5.09147572517395
FUS,79,G,D,vus,-1.2968,0.0,0.129,0.2581,0.0323,0.961,0.1935,0.9685,0.9641,1,0.1502,0.4075,0.2527,0.2081,0,-1,94,charge_gain,-3.1,58,0,0,0,none,nonpolar_to_polar,526,0.8118,0,6.2409,-0.1002,-6.3411,0.4711999893188476,0,6,3.1367530822753906,6.240897484123707
FUS,131,S,N,vus,-1.7226,0.0,0.129,0.1613,0.0645,0.9429,0.3226,0.9555,0.957,1,0.249,0.5422,0.3492,0.298,0,1,46,neutral,-2.7,27,0,0,0,none,same,526,0.8118,0,3.7883,-0.2516,-4.0399,0.6992999911308289,0,2,0.20443391799926758,3.7882682979106903
FUS,203,G,D,vus,-1.5935,0.1613,0.0645,0.5161,0.0,0.85,0.1613,0.9532,0.9519,1,0.3859,0.415,0.195,0.2765,0,-1,94,charge_gain,-3.1,58,0,0,0,none,nonpolar_to_polar,526,0.8118,0,9.1485,-0.0522,-9.2007,0.2452999949455261,0,12,6.022068738937378,9.148513585329056
FUS,189,G,D,vus,-1.2613,0.0645,0.0645,0.4516,0.0,0.8468,0.1935,0.9642,0.9629,1,0.3593,0.4028,0.1839,0.2717,0,-1,94,charge_gain,-3.1,58,0,0,0,none,nonpolar_to_polar,526,0.8118,0,7.5356,-0.052,-7.5876,0.2763999998569488,0,10,4.4865341782569885,7.535608537495136
FUS,518,R,G,vus,-2.2583,0.5,0.0833,0.2083,0.0833,0.8171,0.0417,0.9358,0.9434,1,0.9848,0.2363,0.0,0.2363,0,-2,125,charge_loss,4.1,-99,0,0,1,none,polar_to_nonpolar,526,0.8118,0,4.2178,-0.06,-4.2778,0.3628000020980835,0,1,0.8049595355987549,4.2178286872804165
FUS,216,R,H,vus,-1.1516,0.129,0.0323,0.7097,0.0,0.8065,0.0645,0.9396,0.9398,1,0.4106,0.4293,0.2014,0.2866,0,0,29,neutral,1.3,-19,0,0,0,none,same,526,0.8118,0,6.4613,-0.5488,-7.0101,1.2417999505996704,0,11,3.5565619468688965,6.461328625679016
FUS,234,R,H,vus,-1.2645,0.1613,0.0645,0.6129,0.0323,0.8055,0.0323,0.9332,0.9352,1,0.4449,0.3532,0.1928,0.2018,0,0,29,neutral,1.3,-19,0,0,0,none,same,526,0.8118,0,5.2769,-0.5415,-5.8183,1.4407000541687012,0,11,2.6276400089263916,5.276851534843445
FUS,412,S,G,vus,-1.0129,0.129,0.0968,0.5806,0.0323,0.8368,0.0645,0.86,0.9248,1,0.7833,0.1839,0.1839,0.0,0,0,56,neutral,0.4,-30,0,0,1,none,polar_to_nonpolar,526,0.8118,0,1.7629,-0.276,-2.0389,0.8831999897956848,0,1,-1.4411282539367676,1.7628850638866425
FUS,191,G,S,vus,-1.2742,0.0645,0.0645,0.4194,0.0,0.8468,0.1935,0.9638,0.9677,1,0.3631,0.4328,0.1963,0.2963,0,0,56,neutral,-0.4,30,0,0,0,none,nonpolar_to_polar,526,0.8118,0,3.8984,-0.0789,-3.9773,0.363999992609024,0,2,0.7173666954040527,3.898351341485977
FUS,522,R,S,vus,-2.585,0.55,0.05,0.15,0.1,0.79,0.05,0.9324,0.9121,1,0.9924,0.2397,0.1215,0.1182,0,-1,110,charge_loss,3.7,-69,0,0,0,none,same,526,0.8118,0,4.6749,-0.0639,-4.7388,0.3867999911308288,0,2,2.1077897548675537,4.6748760640621185
FUS,515,G,V,vus,-2.1667,0.4815,0.0741,0.2593,0.0741,0.8019,0.037,0.9384,0.9345,1,0.9791,0.2363,0.0,0.2363,0,-3,109,neutral,4.6,42,0,0,0,none,same,526,0.8118,0,6.255,-0.1165,-6.3716,0.6122000217437744,0,13,3.4951581954956055,6.25504407286644
FUS,71,T,A,vus,-1.2968,0.0,0.129,0.2581,0.0323,0.9542,0.1935,0.9725,0.9738,1,0.135,0.3909,0.1939,0.2465,0,0,58,neutral,2.5,-30,0,0,0,none,polar_to_nonpolar,526,0.8118,0,3.0215,-0.2084,-3.2299,0.7473999857902527,0,2,-0.76975417137146,3.021524414420128
FUS,184,M,V,vus,-1.2484,0.0645,0.0645,0.4839,0.0,0.8468,0.1935,0.9655,0.968,1,0.3498,0.4116,0.2065,0.2598,0,1,21,neutral,2.3,-32,0,0,0,none,same,526,0.8118,0,3.9755,-3.4809,-7.4564,0.942799985408783,2,15,1.337573528289795,3.9754562377929688
FUS,230,G,V,vus,-1.3968,0.1935,0.0645,0.5806,0.0323,0.8113,0.0323,0.9336,0.9294,1,0.4373,0.3644,0.1973,0.2112,0,-3,109,neutral,4.6,42,0,0,0,none,same,526,0.8118,0,11.7361,-0.0023,-11.7384,0.0208000000566244,0,14,8.547341924160719,11.736064001917839
FUS,457,G,R,vus,-1.5129,0.2581,0.0323,0.2903,0.129,0.7894,0.129,0.7752,0.8373,1,0.8688,0.4688,0.284,0.2639,0,-2,125,charge_gain,-4.1,99,0,0,0,none,nonpolar_to_polar,526,0.8118,0,7.5587,-0.0328,-7.5915,0.2164999991655349,0,13,4.36564701795578,7.5586529560387135
FUS,386,R,P,vus,-1.4452,0.2581,0.0645,0.5161,0.0323,0.8423,0.0645,0.7873,0.8696,1,0.7338,0.3961,0.2048,0.2422,0,-2,103,charge_loss,2.9,-59,1,0,0,none,polar_to_nonpolar,526,0.8118,0,4.6046,-0.1096,-4.7142,0.5081999897956848,0,4,0.9713134765625,4.604631841182709
FUS,360,S,F,vus,-0.4129,0.2903,0.1613,0.0645,0.0645,0.9335,0.0323,0.2752,0.1822,0,0.6844,0.4543,0.3075,0.2111,0,-2,155,neutral,3.6,60,0,0,0,gain,polar_to_nonpolar,526,0.8118,0,3.4874,-1.4708,-4.9582,2.189500093460083,0,12,-0.12515592575073242,3.4874187707901
FUS,345,P,S,vus,-0.5677,0.3226,0.129,0.0968,0.0645,0.8797,0.0,0.1886,0.2169,0,0.6559,0.1839,0.1839,0.0,0,-1,74,neutral,0.8,-10,0,1,0,none,nonpolar_to_polar,526,0.8118,0,2.5309,-0.6454,-3.1763,1.7843999862670898,0,6,-1.2338333129882812,2.5308676958084106
FUS,377,R,L,vus,-1.0774,0.2581,0.0645,0.2903,0.0645,0.9061,0.0968,0.6117,0.6276,1,0.7167,0.3764,0.1998,0.2236,0,-2,102,charge_loss,8.3,-43,0,0,0,none,polar_to_nonpolar,526,0.8118,0,8.2739,-0.0674,-8.3414,0.3921000063419342,0,16,4.606892704963684,8.273922994732857
FUS,404,G,V,vus,-0.6194,0.0645,0.0645,0.7097,0.0645,0.8019,0.0,0.9104,0.9138,1,0.7681,0.1839,0.1839,0.0,0,-3,109,neutral,4.6,42,0,0,0,none,same,526,0.8118,0,8.9525,-0.0353,-8.9878,0.2116000056266784,0,13,6.264981150627136,8.952473983168602
FUS,526,Y,N,vus,-2.8375,0.625,0.0625,0.0625,0.0625,0.8131,0.0625,0.9285,0.9213,1,1.0,0.243,0.243,0.0,1,-2,143,neutral,-2.2,-49,0,0,0,loss,nonpolar_to_polar,526,0.8118,0,8.9635,-0.0023,-8.9658,0.0212999992072582,0,5,5.7372810281813145,8.96351513499394
FUS,14,Y,N,vus,-1.3483,0.0345,0.1379,0.1034,0.069,0.9817,0.2759,0.9435,0.9442,1,0.0266,0.5581,0.3997,0.2687,1,-2,143,neutral,-2.2,-49,0,0,0,loss,nonpolar_to_polar,526,0.8118,0,7.3832,-0.0327,-7.4159,0.2056999951601028,0,8,4.491128981113434,7.383238464593887
FUS,268,P,A,vus,-1.8097,0.3548,0.0645,0.2581,0.0323,0.8003,0.129,0.8658,0.9131,1,0.5095,0.4698,0.3238,0.2177,0,-1,27,neutral,3.4,-26,0,1,0,none,same,526,0.8118,0,5.4295,-0.726,-6.1555,1.5968999862670898,0,11,1.920194387435913,5.429504811763763
FUS,61,S,N,vus,-1.4129,0.0323,0.1613,0.2258,0.0323,0.9706,0.1935,0.9726,0.9778,1,0.116,0.5422,0.3491,0.3006,0,1,46,neutral,-2.7,27,0,0,0,none,same,526,0.8118,0,4.858,-0.0958,-4.9538,0.4587999880313873,0,4,1.2638654708862305,4.858024425804615
FUS,280,D,N,vus,-1.4935,0.2903,0.0645,0.1613,0.0323,0.89,0.2258,0.6554,0.7172,1,0.5323,0.3837,0.1026,0.3167,0,1,23,charge_loss,0.0,-1,0,0,0,none,same,526,0.8118,0,4.7731,-0.2529,-5.026,1.097499966621399,0,12,0.8457651138305664,4.773131102323532
FUS,500,G,S,vus,-1.5097,0.3548,0.0645,0.4839,0.0323,0.8139,0.0,0.9509,0.9578,1,0.9506,0.1839,0.1839,0.0,0,0,56,neutral,-0.4,30,0,0,0,none,nonpolar_to_polar,526,0.8118,0,7.9023,-0.0014,-7.9037,0.0131000000983476,0,2,4.662053134292364,7.902283078175969
FUS,213,R,H,vus,-1.3645,0.1613,0.0323,0.6129,0.0,0.811,0.0968,0.9419,0.9422,1,0.4049,0.4161,0.1963,0.2753,0,0,29,neutral,1.3,-19,0,0,0,none,same,526,0.8118,0,6.2144,-0.0798,-6.2942,0.4171000123023987,0,8,3.388823986053467,6.214404307305813
FUS,390,G,V,vus,-1.1645,0.1613,0.0645,0.6129,0.0323,0.8348,0.0645,0.8413,0.9139,1,0.7414,0.4688,0.284,0.2639,0,-3,109,neutral,4.6,42,0,0,0,none,same,526,0.8118,0,8.7732,-0.011,-8.7842,0.0841000005602836,0,12,6.568611204624176,8.773211388848722
FUS,25,Y,S,vus,-1.4161,0.0,0.1613,0.1613,0.0968,0.9706,0.2581,0.9495,0.9536,1,0.0475,0.5426,0.3369,0.3112,1,-2,144,neutral,0.5,-76,0,0,0,loss,nonpolar_to_polar,526,0.8118,0,5.9472,-0.0124,-5.9596,0.0921000018715858,0,3,2.1914301812648773,5.947198103182018
FUS,14,Y,C,vus,-1.3483,0.0345,0.1379,0.1034,0.069,0.9817,0.2759,0.9435,0.9442,1,0.0266,0.5581,0.3997,0.2687,1,-2,194,neutral,3.8,-60,0,0,0,loss,same,526,0.8118,0,11.2559,-0.0327,-11.2886,0.2056999951601028,0,19,8.994492590427399,11.2559053003788
FUS,409,G,E,vus,-0.9161,0.0968,0.0645,0.6452,0.0323,0.8297,0.0645,0.8855,0.9102,1,0.7776,0.1839,0.1839,0.0,0,-2,98,charge_gain,-3.1,72,0,0,0,none,nonpolar_to_polar,526,0.8118,0,9.2133,-0.0102,-9.2235,0.0767000019550323,0,12,6.0828997194767,9.21328166499734
FUS,230,G,C,vus,-1.3968,0.1935,0.0645,0.5806,0.0323,0.8113,0.0323,0.9336,0.9294,1,0.4373,0.3644,0.1973,0.2112,0,-3,159,neutral,2.9,46,0,0,0,none,same,526,0.8118,0,15.2719,-0.0023,-15.2742,0.0208000000566244,0,19,11.790481191128492,15.271916434168816
FUS,519,Q,E,vus,-2.1609,0.4783,0.087,0.2174,0.087,0.8122,0.0435,0.9348,0.9315,1,0.9867,0.2363,0.0,0.2363,0,2,29,charge_gain,0.0,1,0,0,0,none,same,526,0.8118,0,2.1819,-1.3288,-3.5107,1.7992000579833984,1,5,-1.2329363822937012,2.1818679571151733
FUS,295,N,S,vus,-0.1968,0.1935,0.0968,0.0968,0.0,1.0597,0.1935,0.2899,0.2116,0,0.5608,0.3529,0.1018,0.285,0,1,46,neutral,2.7,-27,0,0,0,none,same,526,0.8118,0,3.622,-0.1387,-3.7608,0.6072999835014343,0,2,0.36841869354248047,3.6220408380031586
FUS,208,Y,C,vus,-1.5935,0.1613,0.0645,0.5161,0.0,0.85,0.1613,0.9481,0.9576,1,0.3954,0.4161,0.1963,0.2753,1,-2,194,neutral,3.8,-60,0,0,0,loss,same,526,0.8118,0,12.5829,-0.0062,-12.5891,0.0478999987244606,0,18,10.11269012093544,12.58285925257951
FUS,234,R,C,vus,-1.2645,0.1613,0.0645,0.6129,0.0323,0.8055,0.0323,0.9332,0.9352,1,0.4449,0.3532,0.1928,0.2018,0,-3,180,charge_loss,7.0,-53,0,0,0,none,polar_to_nonpolar,526,0.8118,0,10.5823,-0.5415,-11.1238,1.4407000541687012,0,19,8.389707326889038,10.582348227500916
FUS,383,R,H,vus,-1.2806,0.2581,0.0968,0.4194,0.0323,0.8794,0.0645,0.737,0.7874,1,0.7281,0.3961,0.2048,0.2422,0,0,29,neutral,1.3,-19,0,0,0,none,same,526,0.8118,0,7.5761,-0.2977,-7.8738,0.9279999732971193,0,17,4.268307447433472,7.576104164123535
FUS,244,R,H,vus,-1.5548,0.2581,0.0645,0.4839,0.0323,0.82,0.0323,0.931,0.9322,1,0.4639,0.331,0.1839,0.183,0,0,29,neutral,1.3,-19,0,0,0,none,same,526,0.8118,0,10.068,-0.0338,-10.1018,0.1733999997377395,0,15,6.028030633926392,10.067976243793964
FUS,517,H,N,vus,-2.308,0.52,0.08,0.2,0.08,0.806,0.04,0.9369,0.9467,1,0.9829,0.2363,0.0,0.2363,0,1,68,charge_loss,-0.3,-23,0,0,0,none,same,526,0.8118,0,2.5009,-1.2441,-3.745,2.238899946212769,0,9,-0.599050760269165,2.5008989572525024
FUS,363,P,A,vus,-0.6645,0.3226,0.1613,0.0968,0.0323,0.9477,0.0645,0.3155,0.2414,0,0.6901,0.4132,0.2663,0.2017,0,-1,27,neutral,3.4,-26,0,1,0,none,same,526,0.8118,0,4.6285,-0.1211,-4.7495,0.6395999789237976,0,7,1.1793591976165771,4.628459304571152
FUS,371,R,C,vus,-1.1032,0.2903,0.0968,0.2581,0.0323,0.9048,0.0968,0.4695,0.4556,0,0.7053,0.3548,0.1928,0.2039,0,-3,180,charge_loss,7.0,-53,0,0,0,none,polar_to_nonpolar,526,0.8118,0,8.9635,-0.3404,-9.304,1.1832000017166138,0,18,5.651669025421143,8.963542997837067
FUS,248,R,H,vus,-1.5226,0.2581,0.0645,0.4516,0.0323,0.8216,0.0645,0.9287,0.9372,1,0.4715,0.4688,0.284,0.2639,0,0,29,neutral,1.3,-19,0,0,0,none,same,526,0.8118,0,9.505,-0.0263,-9.5313,0.162100002169609,0,16,5.948232114315033,9.505012370646
FUS,114,G,S,vus,-1.1968,0.0,0.0968,0.1935,0.0968,0.8735,0.1613,0.9568,0.9655,1,0.2167,0.4379,0.2943,0.2097,0,0,56,neutral,-0.4,30,0,0,0,none,nonpolar_to_polar,526,0.8118,0,4.6145,-0.0426,-4.6571,0.2563000023365021,0,2,1.780804693698883,4.614460080862045
FUS,479,Y,C,vus,-1.7355,0.3548,0.129,0.4516,0.0,0.8677,0.0323,0.9503,0.9595,1,0.9106,0.3658,0.3658,0.0,1,-2,194,neutral,3.8,-60,0,0,0,loss,same,526,0.8118,0,9.0695,-2.0814,-11.1508,0.9853000044822692,1,19,4.9444451332092285,9.069465637207031
FUS,429,P,S,vus,-1.2806,0.1935,0.0968,0.2258,0.0645,0.8871,0.1935,0.6239,0.5765,1,0.8156,0.449,0.2629,0.2555,0,-1,74,neutral,0.8,-10,0,1,0,none,nonpolar_to_polar,526,0.8118,0,5.664,-0.0243,-5.6882,0.1747000068426132,0,1,1.8470189571380615,5.663966691121459
FUS,484,Y,C,vus,-1.9452,0.4194,0.0968,0.4839,0.0,0.8419,0.0,0.9533,0.9555,1,0.9202,0.3658,0.3658,0.0,1,-2,194,neutral,3.8,-60,0,0,0,loss,same,526,0.8118,0,10.4691,-0.5871,-11.0562,1.417099952697754,0,19,7.3549017906188965,10.469058632850647
FUS,158,Q,H,vus,-1.6452,0.0,0.129,0.3548,0.0645,0.9226,0.3226,0.969,0.9726,1,0.3004,0.6506,0.3688,0.4504,0,0,24,charge_gain,0.3,9,0,0,0,none,same,526,0.8118,0,8.1257,-0.033,-8.1587,0.195700004696846,0,10,5.188302934169769,8.125680938363075
FUS,187,G,S,vus,-1.2613,0.0645,0.0645,0.4516,0.0,0.8468,0.1935,0.9648,0.9686,1,0.3555,0.4688,0.284,0.2639,0,0,56,neutral,-0.4,30,0,0,0,none,nonpolar_to_polar,526,0.8118,0,4.2488,-0.166,-4.4148,0.5503000020980835,0,2,1.126293659210205,4.248785495758057
FUS,171,G,C,vus,-1.3742,0.0323,0.0645,0.3871,0.0,0.8694,0.2581,0.9688,0.9574,1,0.3251,0.389,0.1978,0.2418,0,-3,159,neutral,2.9,46,0,0,0,none,same,526,0.8118,0,13.2815,-0.0041,-13.2857,0.032999999821186,0,19,9.945347778499126,13.281547279562801
FUS,254,M,T,vus,-1.4452,0.2903,0.0968,0.4516,0.0645,0.8306,0.0323,0.9236,0.9321,1,0.4829,0.4688,0.284,0.2639,0,-1,81,neutral,-2.6,-30,0,0,0,none,nonpolar_to_polar,526,0.8118,0,6.2283,-1.4291,-7.6574,1.7798000574111938,2,17,2.7488932609558105,6.228311061859131
FUS,508,P,L,vus,-1.9,0.4516,0.0645,0.3548,0.0323,0.8045,0.0323,0.944,0.9477,1,0.9658,0.1839,0.1839,0.0,0,-3,98,neutral,5.4,16,0,1,0,none,same,526,0.8118,0,6.2175,-2.8557,-9.0732,1.053500056266785,2,16,3.7035179138183594,6.217527866363525
FUS,522,R,G,vus,-2.585,0.55,0.05,0.15,0.1,0.79,0.05,0.9324,0.9121,1,0.9924,0.2397,0.1215,0.1182,0,-2,125,charge_loss,4.1,-99,0,0,1,none,polar_to_nonpolar,526,0.8118,0,4.2082,-0.0639,-4.2721,0.3867999911308288,0,1,1.768195629119873,4.208154529333115
FUS,467,N,S,vus,-1.6323,0.2903,0.0645,0.4516,0.0968,0.7913,0.0323,0.9029,0.9415,1,0.8878,0.3627,0.1978,0.2091,0,1,46,neutral,2.7,-27,0,0,0,none,same,526,0.8118,0,2.2001,-1.0411,-3.2412,1.0820000171661377,1,2,-0.8043780326843262,2.2001023292541504
FUS,253,G,V,vus,-1.3129,0.2581,0.0968,0.4839,0.0645,0.8248,0.0323,0.9243,0.9235,1,0.481,0.4688,0.284,0.2639,0,-3,109,neutral,4.6,42,0,0,0,none,same,526,0.8118,0,10.5058,-0.0046,-10.5104,0.0384999997913837,0,14,7.7597688138484955,10.505829107947648
FUS,32,P,L,vus,-1.6806,0.0323,0.1613,0.129,0.0968,0.9729,0.2581,0.9548,0.9432,1,0.0608,0.5721,0.3779,0.3137,0,-3,98,neutral,5.4,16,0,1,0,none,same,526,0.8118,0,8.7185,-0.5552,-9.2737,1.1691999435424805,0,12,5.906131744384766,8.718481063842773
FUS,200,S,R,vus,-1.3548,0.0968,0.0645,0.5161,0.0,0.8384,0.1613,0.9562,0.9529,1,0.3802,0.447,0.2037,0.307,0,-1,110,charge_gain,-3.7,69,0,0,0,none,same,526,0.8118,0,3.6634,-0.3481,-4.0116,0.9718999862670898,0,3,0.008222341537475586,3.6634366512298584
FUS,207,G,S,vus,-1.5935,0.1613,0.0645,0.5161,0.0,0.85,0.1613,0.9491,0.9397,1,0.3935,0.4161,0.1963,0.2753,0,0,56,neutral,-0.4,30,0,0,0,none,nonpolar_to_polar,526,0.8118,0,5.4949,-0.0099,-5.5049,0.0728999972343444,0,1,2.1123688220977783,5.494931168854237
FUS,11,T,A,vus,-1.2038,0.0385,0.1538,0.1154,0.0769,0.9815,0.2308,0.9433,0.9344,1,0.0209,0.5187,0.3307,0.2838,0,0,58,neutral,2.5,-30,0,0,0,none,polar_to_nonpolar,526,0.8118,0,3.1261,-0.5119,-3.638,1.4765000343322754,0,7,-0.07062673568725586,3.126088857650757
FUS,237,G,S,vus,-1.3839,0.1935,0.0645,0.6129,0.0323,0.8113,0.0323,0.9327,0.9332,1,0.4506,0.3532,0.1928,0.2018,0,0,56,neutral,-0.4,30,0,0,0,none,nonpolar_to_polar,526,0.8118,0,5.3303,-0.01,-5.3402,0.0714000016450882,0,1,2.5423972606658936,5.330280214548111
FUS,274,R,C,vus,-1.571,0.3226,0.0968,0.1613,0.0323,0.899,0.1935,0.7784,0.8948,1,0.5209,0.3271,0.1024,0.2493,0,-3,180,charge_loss,7.0,-53,0,0,0,none,polar_to_nonpolar,526,0.8118,0,9.6231,-0.3579,-9.981,1.1943999528884888,0,19,6.699625015258789,9.623073697090149
FUS,414,G,S,vus,-0.929,0.129,0.0645,0.5484,0.0645,0.8213,0.0645,0.8379,0.9008,1,0.7871,0.2369,0.092,0.1449,0,0,56,neutral,-0.4,30,0,0,0,none,nonpolar_to_polar,526,0.8118,0,6.1798,-0.0072,-6.187,0.0553999990224838,0,2,2.90611869096756,6.179801493417472
FUS,414,G,V,vus,-0.929,0.129,0.0645,0.5484,0.0645,0.8213,0.0645,0.8379,0.9008,1,0.7871,0.2369,0.092,0.1449,0,-3,109,neutral,4.6,42,0,0,0,none,same,526,0.8118,0,9.9492,-0.0072,-9.9564,0.0553999990224838,0,13,6.5737743973731995,9.949174433480948
FUS,404,G,S,vus,-0.6194,0.0645,0.0645,0.7097,0.0645,0.8019,0.0,0.9104,0.9138,1,0.7681,0.1839,0.1839,0.0,0,0,56,neutral,-0.4,30,0,0,0,none,nonpolar_to_polar,526,0.8118,0,5.6311,-0.0353,-5.6664,0.2116000056266784,0,4,2.655569911003113,5.631091460585594
FUS,75,Y,C,vus,-1.3806,0.0,0.0968,0.2258,0.0323,0.9423,0.2258,0.9703,0.9718,1,0.1426,0.4058,0.2517,0.2066,1,-2,194,neutral,3.8,-60,0,0,0,loss,same,526,0.8118,0,12.5148,-0.0137,-12.5285,0.0984999984502792,0,19,9.981144160032272,12.514783831313252
FUS,227,G,S,vus,-1.4968,0.2258,0.0645,0.5484,0.0323,0.8045,0.0323,0.9343,0.9298,1,0.4316,0.3644,0.1973,0.2112,0,0,56,neutral,-0.4,30,0,0,0,none,nonpolar_to_polar,526,0.8118,0,6.0275,-0.0047,-6.0322,0.0379000008106231,0,1,2.944921523332596,6.027537604793906
FUS,381,N,S,vus,-1.1161,0.2581,0.0645,0.3871,0.0323,0.8868,0.0645,0.6982,0.7332,1,0.7243,0.3983,0.2077,0.2424,0,1,46,neutral,2.7,-27,0,0,0,none,same,526,0.8118,0,-0.129,-3.7119,-3.5829,1.3041000366210938,6,5,-3.2974042892456055,-0.1289806365966797
FUS,135,S,G,vus,-1.8258,0.0,0.1613,0.1613,0.0645,0.9706,0.3548,0.9571,0.9515,1,0.2567,0.5798,0.3626,0.3452,0,0,56,neutral,0.4,-30,0,0,1,none,polar_to_nonpolar,526,0.8118,0,6.2388,-0.016,-6.2548,0.1114000007510185,0,4,2.591306656599045,6.238781124353409
FUS,394,R,L,vus,-1.1677,0.1613,0.0323,0.6774,0.0323,0.81,0.0323,0.88,0.9223,1,0.749,0.1839,0.1839,0.0,0,-2,102,charge_loss,8.3,-43,0,0,0,none,polar_to_nonpolar,526,0.8118,0,10.5333,-0.0084,-10.5417,0.0597999989986419,0,13,8.120101541280746,10.533284034579992
FUS,141,Q,P,vus,-1.8387,0.0,0.1613,0.1935,0.0968,0.9642,0.3548,0.9621,0.957,1,0.2681,0.6209,0.368,0.4028,0,-1,76,neutral,1.9,-31,1,0,0,none,polar_to_nonpolar,526,0.8118,0,3.751,-0.0809,-3.8319,0.3804999887943268,0,2,0.7173328399658203,3.750993311405182
FUS,269,R,Q,vus,-1.9097,0.3548,0.0645,0.2258,0.0323,0.8048,0.1613,0.8543,0.9087,1,0.5114,0.4314,0.2822,0.2083,0,1,43,charge_loss,1.0,-28,0,0,0,none,same,526,0.8118,0,5.2427,-0.0359,-5.2786,0.2335000038146972,0,3,1.851705253124237,5.24266641959548
FUS,22,G,E,vus,-1.5839,0.0,0.129,0.129,0.0968,0.9842,0.3226,0.9463,0.9533,1,0.0418,0.5218,0.33,0.2869,0,-2,98,charge_gain,-3.1,72,0,0,0,none,nonpolar_to_polar,526,0.8118,0,4.4951,-0.6685,-5.1635,1.589100003242493,0,8,1.231438159942627,4.4950520396232605
FUS,245,G,V,vus,-1.5548,0.2581,0.0645,0.4839,0.0323,0.82,0.0323,0.9303,0.934,1,0.4658,0.4688,0.284,0.2639,0,-3,109,neutral,4.6,42,0,0,0,none,same,526,0.8118,0,11.0933,-0.0016,-11.0949,0.0147000001743435,0,12,8.278790052980185,11.09328216756694
FUS,403,G,D,vus,-0.7516,0.0968,0.0645,0.6774,0.0645,0.8077,0.0,0.912,0.9154,1,0.7662,0.4688,0.284,0.2639,0,-1,94,charge_gain,-3.1,58,0,0,0,none,nonpolar_to_polar,526,0.8118,0,7.541,-0.0531,-7.5941,0.3066999912261963,0,11,4.067509770393372,7.541033826768398
FUS,486,G,V,vus,-1.8452,0.3871,0.0968,0.5161,0.0,0.8487,0.0,0.9539,0.9489,1,0.924,0.3662,0.3662,0.0,0,-3,109,neutral,4.6,42,0,0,0,none,same,526,0.8118,0,13.1529,-0.0009,-13.1538,0.0082999998703598,0,10,10.870057379826903,13.15288630395662
FUS,483,G,S,vus,-1.9742,0.4194,0.129,0.4516,0.0,0.8652,0.0,0.9531,0.947,1,0.9183,0.3658,0.3658,0.0,0,0,56,neutral,-0.4,30,0,0,0,none,nonpolar_to_polar,526,0.8118,0,6.3421,-0.0038,-6.3459,0.0306000001728534,0,1,3.3679460883140564,6.342092141741887
FUS,167,G,D,vus,-1.5774,0.0323,0.0968,0.4194,0.0323,0.8877,0.2903,0.9703,0.967,1,0.3175,0.5674,0.2107,0.4555,0,-1,94,charge_gain,-3.1,58,0,0,0,none,nonpolar_to_polar,526,0.8118,0,9.9522,-0.0055,-9.9577,0.0430000014603138,0,12,6.8722599148750305,9.952185405883938
FUS,34,G,E,vus,-1.6258,0.0323,0.129,0.1613,0.0645,0.9561,0.2581,0.9557,0.9615,1,0.0646,0.5903,0.4095,0.3085,0,-2,98,charge_gain,-3.1,72,0,0,0,none,nonpolar_to_polar,526,0.8118,0,7.7854,-0.0196,-7.805,0.1309999972581863,0,8,4.314203143119812,7.7853724509477615
FUS,177,Y,C,vus,-0.9581,0.0323,0.0323,0.5161,0.0,0.8077,0.129,0.9666,0.9862,1,0.3365,0.4003,0.2022,0.2508,1,-2,194,neutral,3.8,-60,0,0,0,loss,same,526,0.8118,0,11.6732,-0.0086,-11.6819,0.065700002014637,0,19,8.73735998570919,11.673226535320282
FUS,509,G,V,vus,-2.0323,0.4839,0.0645,0.3226,0.0323,0.8103,0.0323,0.9425,0.9453,1,0.9677,0.1839,0.1839,0.0,0,-3,109,neutral,4.6,42,0,0,0,none,same,526,0.8118,0,6.0333,-0.3508,-6.3841,1.0901999473571775,0,12,2.807673692703247,6.033311426639557
FUS,485,R,Q,vus,-1.9452,0.4194,0.0968,0.4839,0.0,0.8419,0.0,0.9534,0.9537,1,0.9221,0.3662,0.3662,0.0,0,1,43,charge_loss,1.0,-28,0,0,0,none,same,526,0.8118,0,7.3245,-0.0249,-7.3494,0.1334999948740005,0,3,3.2352206707000732,7.324501657858491
FUS,77,S,L,vus,-1.2968,0.0,0.129,0.2581,0.0323,0.9542,0.1935,0.9698,0.9671,1,0.1464,0.4058,0.2517,0.2066,0,-2,145,neutral,4.6,26,0,0,0,none,polar_to_nonpolar,526,0.8118,0,10.3727,-0.062,-10.4347,0.3177999854087829,0,14,7.621081233024597,10.372667778283358
FUS,25,Y,C,vus,-1.4161,0.0,0.1613,0.1613,0.0968,0.9706,0.2581,0.9495,0.9536,1,0.0475,0.5426,0.3369,0.3112,1,-2,194,neutral,3.8,-60,0,0,0,loss,same,526,0.8118,0,12.6351,-0.0124,-12.6475,0.0921000018715858,0,19,9.966262429952621,12.635051439516246
FUS,265,F,V,vus,-1.729,0.3548,0.0645,0.3226,0.0323,0.8084,0.0968,0.8933,0.9071,1,0.5038,0.4712,0.333,0.2098,1,-1,50,neutral,1.4,-48,0,0,0,loss,same,526,0.8118,0,5.7816,-0.7401,-6.5217,1.6953999996185305,0,16,3.40075945854187,5.781601905822754
FUS,377,R,Q,vus,-1.0774,0.2581,0.0645,0.2903,0.0645,0.9061,0.0968,0.6117,0.6276,1,0.7167,0.3764,0.1998,0.2236,0,1,43,charge_loss,1.0,-28,0,0,0,none,same,526,0.8118,0,4.8306,-0.0674,-4.8981,0.3921000063419342,0,3,0.8617433309555054,4.830611780285835
FUS,72,P,T,vus,-1.2968,0.0,0.129,0.2581,0.0323,0.9542,0.1935,0.9721,0.9663,1,0.1369,0.3821,0.1973,0.232,0,-1,38,neutral,0.9,4,0,1,0,none,nonpolar_to_polar,526,0.8118,0,2.1687,-0.9149,-3.0836,1.667199969291687,0,5,-1.6584420204162598,2.1686768531799316
FUS,343,D,E,vus,-0.8903,0.3871,0.0968,0.0968,0.0645,0.8529,0.0,0.1883,0.2192,0,0.6521,0.1839,0.1839,0.0,0,2,45,neutral,0.0,14,0,0,0,none,same,526,0.8118,0,4.1418,-0.1405,-4.2823,0.6722000241279602,0,4,0.6734403371810913,4.1417993903160095
FUS,143,Y,C,vus,-1.9258,0.0,0.1613,0.1935,0.0968,0.9755,0.3871,0.9637,0.9633,1,0.2719,0.6206,0.368,0.4024,1,-2,194,neutral,3.8,-60,0,0,0,loss,same,526,0.8118,0,13.6797,-0.001,-13.6807,0.0103000001981854,0,18,10.238096373155713,13.679657634464093
FUS,507,G,D,vus,-1.8,0.4194,0.0645,0.3871,0.0323,0.8168,0.0323,0.9461,0.9522,1,0.9639,0.1839,0.1839,0.0,0,-1,94,charge_gain,-3.1,58,0,0,0,none,nonpolar_to_polar,526,0.8118,0,6.3336,-0.1306,-6.4643,0.5569000244140625,0,10,3.122587203979492,6.33363139629364
FUS,524,R,W,vus,-2.7611,0.6111,0.0556,0.1111,0.0556,0.8056,0.0556,0.9305,0.9035,1,0.9962,0.2397,0.1215,0.1182,0,-3,101,charge_loss,3.6,30,0,0,0,gain,polar_to_nonpolar,526,0.8118,0,10.0535,-0.1516,-10.2051,0.7319999933242798,0,18,7.706268727779388,10.053469523787498
FUS,264,K,T,vus,-1.629,0.3226,0.0645,0.3548,0.0323,0.8152,0.0968,0.9003,0.9082,1,0.5019,0.4977,0.3757,0.2009,0,-1,78,charge_loss,3.2,-27,0,0,0,none,same,526,0.8118,0,5.2729,-0.3547,-5.6277,1.169100046157837,0,9,2.6758041381835938,5.272925168275833
FUS,98,P,L,vus,-1.3258,0.0,0.129,0.129,0.0968,0.9081,0.1935,0.9612,0.9631,1,0.1863,0.5658,0.3923,0.2874,0,-3,98,neutral,5.4,16,0,1,0,none,same,526,0.8118,0,7.7899,-1.1041,-8.894,1.3188999891281128,1,13,5.185934543609619,7.789942264556885
FUS,512,D,H,vus,-2.1267,0.4667,0.0667,0.3,0.0667,0.8027,0.0333,0.9402,0.9411,1,0.9734,0.4688,0.284,0.2639,0,-1,81,charge_flip,0.3,22,0,0,0,none,same,526,0.8118,0,5.975,-0.1295,-6.1045,0.6484000086784363,0,11,3.5225281715393066,5.974977910518646
FUS,218,R,K,vus,-1.2806,0.129,0.0645,0.6452,0.0,0.8342,0.0968,0.939,0.9374,1,0.4144,0.4688,0.284,0.2639,0,2,26,neutral,0.6,-28,0,0,0,none,same,526,0.8118,0,8.1844,-0.2016,-8.3861,0.6620000004768372,0,13,5.137901306152344,8.184436738491058
FUS,135,S,N,benign,-1.8258,0.0,0.1613,0.1613,0.0645,0.9706,0.3548,0.9571,0.9515,1,0.2567,0.5798,0.3626,0.3452,0,1,46,neutral,-2.7,27,0,0,0,none,same,526,0.8118,0,6.1557,-0.016,-6.1718,0.1114000007510185,0,3,3.274746149778366,6.155726581811905
FUS,16,A,V,benign,-1.4,0.0323,0.129,0.0968,0.0645,0.9781,0.2903,0.9437,0.945,1,0.0304,0.5497,0.4011,0.2537,0,0,64,neutral,2.4,28,0,0,0,none,same,526,0.8118,0,6.5212,-0.7847,-7.3059,1.4486000537872314,0,12,3.5064358711242676,6.521193623542786
FUS,40,G,A,benign,-1.5613,0.0323,0.1935,0.129,0.0323,0.9835,0.2258,0.9596,0.9648,1,0.076,0.5692,0.4076,0.2759,0,0,60,neutral,2.2,14,0,0,0,none,same,526,0.8118,0,5.7566,-0.0687,-5.8253,0.3348999917507171,0,4,2.714397430419922,5.756577603518963
FUS,186,S,I,benign,-1.2613,0.0645,0.0645,0.4516,0.0,0.8468,0.1935,0.965,0.971,1,0.3536,0.4111,0.2094,0.2567,0,-2,142,neutral,5.3,26,0,0,0,none,polar_to_nonpolar,526,0.8118,0,7.9561,-0.3438,-8.2999,0.9027000069618224,0,15,5.477543830871582,7.956117123365402
FUS,54,S,N,benign,-1.4,0.0323,0.1613,0.1935,0.0,0.9771,0.1935,0.971,0.9712,1,0.1027,0.5368,0.3881,0.2463,0,1,46,neutral,-2.7,27,0,0,0,none,same,526,0.8118,0,4.7078,-0.0815,-4.7893,0.4223000109195709,0,4,1.7385219931602478,4.707777254283428
FUS,217,G,S,benign,-1.1806,0.129,0.0645,0.6774,0.0,0.8297,0.0645,0.9392,0.9389,1,0.4125,0.4688,0.284,0.2639,0,0,56,neutral,-0.4,30,0,0,0,none,nonpolar_to_polar,526,0.8118,0,5.8442,-0.0149,-5.8591,0.1106999963521957,0,1,3.3829690665006638,5.844230185262859
FUS,18,P,T,benign,-1.6129,0.0323,0.1613,0.0968,0.0968,0.9826,0.2903,0.944,0.9518,1,0.0342,0.5454,0.3898,0.2595,0,-1,38,neutral,0.9,4,0,1,0,none,nonpolar_to_polar,526,0.8118,0,3.6155,-0.5829,-4.1985,1.3411999940872192,0,5,0.5637345314025879,3.615540087223053
